Tarih;Tweet;Hashtag
Jun 26, 2023;Erkek çocuklarýna tecavüz edip akordiyon Ýslami deðil diyerek parçalayan zihniye… Bu zihniyet her gün Türkiye’ye binlerce kiþi ile kaçak giriyor.;
Jun 26, 2023;Distaste isimli Twiter hesabýnýn twitini olduðu gibi alýntýlýyor, altýna bu twitin %100 doðruluðunun kanýtý olan bir video koyuyorum. “Avrupa'nýn gelmiþ geçmiþ en büyük lideri • Ne olduðu belirsiz 10 milyon insaný Avrupa sýnýrlarýndan uzak tutarak Batý'nýn refahýný korudu. • Maddi durumu düþük olan Avrupalýlar için kur farkýný 30 kat açarak ucuz tatil fýrsatý sundu. • Kur farkýndan dolayý ucuz saðlýk hizmetiyle Avrupa'ya can simidi oldu • Avrupa'daki eksik nitelikli eleman ihtiyacýný karþýladý. Doktor, mühendis vb. vasýflý insanlarýn Batýya gitmesi için elinden geleni yaptý. • Avrupa'dan her yýl en cok çöpü satýn alarak Batý'nýn çevre temizliðine bile el attý.”;
Jun 29, 2023;Þimdi deðil ise ne zaman?;
Jun 26, 2023;Kadýnlarý seks için kullanýlacak hayvan olarak gören bu zihniyet her gün Türkiye-Ýran sýnýrýndan geçerek ülkemize giriyor ve para, kadýn, silah yaðmasýnýn sözde cihat adý altýnda baþlayacaðý günü bekliyor. Zafer Partisi amasýz-fakatsýz bu istilaya tek baþýna direniyor. Zafer’e katýl, ülkenin iþgal edilmesine karþý çok geç olmadan mücadele et.;
Jun 30, 2023;Ýstanbul Esenyurt Fi tower sitesi 1755 dairenin bulunduðu bir site. Sitede Türkler azýnlýða düþmüþler. Araplar site yönetimini sahte veya þüpheli Vekaletnameler kullanarak ele geçirmiþler. Araplarýn çoðunluðu ele geçirdiði sitede harcamalar artmýþ. 2022’de 17 milyon, 2023’de 23 milyon ek bütçe çýkarmýþlar. Bu büyük rakamlara karþý çýkan Türk ev sahiplerine “fakir. Türk istemiyoruz” diyorlarmýþ. Azýnlýkta kalan Türkler Büyükçekmece cumhuriyet baþsavcýlýðýna þikayette bulunmuþ Büyükçekmece 1. Sulh hukuk mahkemesine dava açmýþ yaklaþýk 1 yýldýr hukuk mücadelesi veriyorlar. Aþaðýdaki görüntülerde site bahçesinde kalýnan bayram namazýndan. Türk imamýn arkasýnda namaz kýlmamak için bahçede kýlýyorlar. Bu sitede yaþananlar Türkiye’nin geleceðini anlatýyor. ;
Jun 25, 2023;Sevgili AK Partili kardeþim, AK Partili olmadan önce Türk Milleti’nin mensubusun. AK Parti kurulmadan önce vardýn AK Parti kapandýktan sonra sen, çocuðun, torununun olmaya devam edecek. Bu ve benzeri videolar ile uðruna 1000 yýldýr savaþtýðýmýz, binlerce þehit verdiðimiz topraklarýmýzýn haraç mezat satýlmasý haysiyetine dokunmuyor mu? Ayasofya’yý açtýk diyenlerin topraklarý satarak vatanýný, Ýstanbul’u elinden aldýðýný görmüyor musun? Allah aþkýna biraz düþün!! Bu sürece onay verirsen, Fatih Sultan Mehmet’in ve Atatürk’ün baþta olmak üzere bütün þehit ve gazilerimizin ruhunu inciteceksin. Sana Erdoðan’dan veya AK Parti’den vazgeç demiyorum (vazgeçip Zafer Partisi’ne gelmeni tabii isterim) ama vatanýnýn elinden alýnmasýna karþý çýk.;
Jun 25, 2023;Burasý Ýzmir. Afrikalý mahallesi. Türkiye’de 2 milyon civarýnda Afrikalý yaþýyor. Bu saðlýklý bir durum deðil. Afrikalýlarýn sayýsý her geçen gün artýyor. ;
Jun 25, 2023;Türkiye’deki suriyelilere yardým Kýzýlay kart ve BÝM kartý olarak daðýtýlýyor, Suriye’min kuzeyinde bankacýlýk altyapýsý olmadýðýndan bu kartlar bu þekilde PTT tarafýndan elden daðýtýlýyor. Ödeyen ise Türk halký.;
Jun 23, 2023;Ýstanbul Þirinevler’de IÞID hücresine yapýlan baskýnda Suriyeli terörist silah ve cephane ile yakalandý. Bu hücre evi ile ilgili ilk ihbar 22 Aðustos 2022’de yapýlmýþ. Bu ev gibi 100’lerce bilinen ve bilinmeyen terör hücresi mevcut. 13 milyon sýðýnmacý gitmeden IÞID bitmez;
Jun 26, 2023;Bugün Ýstanbul’da Zeytinburnu’nda bir Afgan bir baþka Afgan’ý silahla vururken ayný cafede oturan iki Türk vatandaþýný yaraladý. ýrkçý diyenlere duyurulur. Güvenlik ve istikrar istemek ýrkçýlýk deðildir.;
Jun 27, 2023;Bugün 27 Haziran 2023. 1 sene önce bugün Hatay’da Türkiye-Suriye sýnýrýna sembolik mayýn yerleþtirerek, sýnýrlarýmýzdan kaçak geçiþleri protesto etmek ve Türkiye’nin Ottawa Antlaþmasý’ndan çekilmesini gündeme getirmek istemiþtik. Soylu’nun emri ile durdurulduk, 15 saat bekletildik. Türkiye’nin her yerinden insanlarýn Hatay’a gelmeye baþlamasý üzerine geçiþ izni verilmek zorunda kalýndý. Bunlarý ve vatana, Atatürk’e ihanet edenleri unutmadýk, unutmayacaðýz.;
Jun 28, 2023;Bayram namazýný Horasan erenlerinden Ergülle Baba caminde Safranbolu’da kýldýk. Çok güzel bir cami. Gelin görün Safranbolu’ya gelince. Gerçi Diyanet cami statüsü vermemiþ duvarda Türkçe “Ancak sana ibadet eder ancak senden yardým dileriz” yazdýðý için. Resmi gerekçe etrafta yaþayan insan yok. Güzel bir bayram dilerim.;
Jun 24, 2023;Göç Ýdaresi ve Cumhuriyet Savcýlýðý derhal harekete geçmeli. ;
Jun 30, 2023;Kavimler göçünü oluþturan istilacýlar ile karþý karþýyayýz.;
Jun 27, 2023;Hama’dan son görüntüler…. “Sýðýnmacýlarý ateþ ve kanýn içine yollayamayýz” diyenlerin yalanlarý bir kez daha ortaya çýktý.;
Jun 30, 2023;Türk halký vatanýný savun, sahipsiz olmadýðýný göster. Demokratik tepkini ortaya koy. ;
Jun 25, 2023;Kemal Canpolat ve Fatih Koparan Þam’dan yayýn yapýyorlar. Hani “iç savaþ var, Suriyelileri geri yollayamayýz” dedikleri ülkeden. Suriyelileri Türkiye’de tutmak istemelerinin nedeni onlarý iç savaþtan korumak deðil, Türkiye’de çýkarýlmasý planlanan iç savaþta kullanmak için;
Jun 30, 2023;Bak sen konuþana….Nagehan Alçý Suriyelilere “korkmayýn, Ümit Özdað’ý Türk halký desteklemiyor” diyor. Ülkesinin demografik iþgalini destekliyor. Boðaz’da FETÖ parasý ile yalýda oturup Türkiye’yi peþkeþ çekmek diye buna denir.;
Jun 27, 2023;Ýstanbul’un Araplar tarafýndan yaðmalanmasý ve iþgalinin ara elemaný olan bu Arap emlakçý iþgal ve talaný gündeme getirmeme çok sinirlenmiþ. Esas ne zaman sinirleneceksin biliyor musun? Zafer Partisi bütün emlak karþýlýðý vatandaþlýklarý iptal edince. Türk halký, Türkiye’nin Filistin gibi satýlarak iþgal edilmesine izin vermeyecek. Kan ile aldýðýmýz vatanýmýzý dolar ile satmayacaðýz. Kanal Ýstanbul denilen Türkiye’ye ihanet ve Arap iþgali politikasýna izin vermeyeceðiz. Kendi ülkemize 2. Sýnýf insan olup, itilip kakýlmayacaðýz. https://twitter.com/HudutNamu3tur/status/1673389097006579712;
Jun 26, 2023;Türk vatandaþlýðý alan Suriyeli evinin balkonunda oturan Türk kýzýna cinsel organýný göstererek taciz ediyor. Kýzýn babasý Suriyeli tacizciye hesap soruyor. Tavizci, kýzýn babasýndan beni dövdü diye þikayetçi oluyor. Zafer Partisi genel baþkan yardýmcýsý Sevdagül Tuncer, Özge’nin ablasýnýn ve babasýnýn avukatlýðýný üstlenecek. Zafer Partililer de mahkeme günü adliyede olacak. Hiçbir Türk kýzý kendisini yalnýz hissetmesin. Zafer Partisi var;
Jun 29, 2023;Þam’da günlük yaþamdan bir baþka kesit. Bu arada Þam’da eczanelerde parasýný Türk halkýnýn ödediði, Türkiye’de doktorlarýn reçetesini yazdýðý, Suriyelilerin bedava aldýðý ve Suriye’ye sattýðý ilaçlarý bulabilirsiniz;
Jun 24, 2023;"Sýðýnmacý akýmýnýn saðlýk sistemimizi hýrpalandýðýný ve kaybolmuþ hastalýklarýn tekrar ortaya çýkacaðýný 3 yýl önce yazmýþtým. Nitekim oldu. Kýzamýk vakalarý son 3 ayda özellikle 3 Büyükþehirde olmak üzere artýþ göstermiþ durumda. Hastaneler tarafýndan halk saðlýðý müdürlüklerine bildirim yapýlmasýna raðmen net vaka sayýlarý açýklanmýyor gizli tutuluyor. Düzenli ve kontrollü aþýlama programý ile Türkiyede neredeyse hiç kýzamýk vakasý ile karþýlaþýlmazken düzensiz ve kontrolsüz göç nedeni ile hastalýk ile baþa çýkýlamaz hale gelindi. Takip zinciri kýrýlýr ise aþýlama yapýlan vatandaþlarýmýzýn bile hastalýðýn olumsuz etkilerinden kaçmalarý mümkün olmayabilir. Hasta olan bireyler ve çevresi erken dönem ve geç dönemde zatürre, beyin enfeksiyonu, sakatlýk hatta ölüm tehlikesi ile karþý karþýya kalýyorlar. Nitekim büyükþehirlerdeki hastanelerden her gün kýzamýk nedeni ile yoðun bakým yatýþý ve ölümü olduðu ile ilgili bilgiler geliyor. Özellikle bebekler, hamileler, yaþlýlar ve baðýþýklýðý düþük bireyler risk altýnda. Tüm saðlýk çalýþanlarý, hastaneler ve halk saðlýðý müdürlükleri durumun farkýnda iken; acilen vaka sayýlarý açýklanmalý, halk  bilgilendirilmeli, vaka yayýlýmýna karþý tüm önlemler alýnmalý, aþýlama zinciri tekrar kurulmalý. Göçler devam ederken bu mümkün deðil. Üstelik þimdiye kadar Hastalýklar Suriyelilerden kaynaklanýyor. Afganistan kaynaklý salgýnlar henüz kuluçka aþamasýnda. Ve ben bunlarý uluslararasý bir kuruluþun temsilcisinden dinleyeli 4 sene oluyor. Erdoðan’ý iktidarda tutanlar ülkenize nasýl bir kötülük yaptýðýnýzý bilseydiniz keþke. ";
Jun 26, 2023;Mersin’in Akdeniz ilçesi, Kazanlý Mahallesinde 2 hafta kadar önce bir Türk çocuk Suriyeliler tarafýndan jiletli saldýrýya uðrayarak yaralanmýþtý. Bu saldýrýdan sonra mahallede bölgede olaylar baþladý. Mersin polisi 4 ay önce Suriyeliler tarafýndan “Þam caddesinde” öldürülen Mersinli genç Onur’un cinayeti gibi bu olaylarý da basmýþ yansýtmadý. Bölgede polisler Suriyeliler darp edilmesin diye Suriyelilerin evinin önünde nöbet tutuyorlar. Suriyelilerden Býkan Kazanlý halký direniyor “ya onlar gidecek ya biz”diyorlar. Bu iþ kötüye gidiyor;
Jun 24, 2023;Ümit Özdað ve Zafer Partisi ýrkçý! Çocuklarýmýzý tecavüzden kurtarmak için çalýþmak ýrkçýlýk ise ýrkçýyýz. Türkiye’yi genelev gibi gören ahlaksýz sürüleri ülkemize sokmayacaðýz, girenleri de ülkelerine geri yollayacaðýz. ;
Jun 23, 2023;Önce ýrkçý dedin þimdi kadýn düþmaný. Oysa Gebze’de tecavüz edilerek öldürülen Ayþegül’ün avukatlarý senin ifaden ile “Özdaðcý”. Ýstiklal caddesinde durduk yere dövülen, Esenyurt’ta asansörde taviz edilen, Ýzmir’de sebepsiz yere dövülen genç kýzýn avukatý da “Özdaðcý”. Senin yaþam tarzýný da Özdaðcýlar savunuyor. Keþke seni taciz eden Suudi sapýða Özdaðcýlara kýzdýðýn kadar kýzsaydýn. Kýzmadýðýn için Özdaðcýlar sana sitem ediyorlar. Sen kýzsan, ýrkçý desen de Zafer Partisi senin haklarýný tavizsiz savunmaya devam edecek.;
Jun 30, 2023;Fransa’da gerçekleþen olaylar Türkiye’nin ileride baþýna gelebilecek olaylara ýþýk tutuyor. Dikkatle okumanýzý öneririm. ;
Jun 30, 2023;"Türk Dýþiþleri Bakanlýðý bu soruyu cevaplamalýdýr. Türk vatandaþlýðý verilen Araplar Dýþiþleri Bakanlýðýmýzda Konsolos, ticari ateþe ve danýþman olarak görevlendirilecek mi? 
";
Jun 23, 2023;Türkiye’nin 3 yaþamsal 1 kronik sorunu var. 1) 13 milyon sýðýnmacý ve kaçak, 2)Gençliðimizi çürüten uyuþturucu, 3)Ýstanbul depremi yaþamsal sorunlar. 4. Ve kronik sorun ise ekonomik kriz. Zafer Partisi bu 4  sorunu aþacak program ve kadroya sahip;
Jun 23, 2023;Yorumsuz;
Jun 22, 2023;Yalansýz Suriye görüntüleri, izleyelim. Fatih Koparan’a teþekkürler…;
Jun 22, 2023;Seni yollamak ayrý bir keyif verecek.;
Jun 22, 2023;Suriye seyahatinden önce Ýstiklal Caddesinde Suriye Pasajýna gittik. Zafer Partisi Ýstanbul’daki tek Suriyeli olarak Suriye Pasajýnýn kalmasýný saðlayacak.;
Jun 22, 2023;"17 Haziran’da … pasaport numaralý, Irak Musul doðumlu, Alman vatandaþý þahýs Ýstanbul Havalimanýndayken Türkiye’ye giriþ yasaðý olduðu ortaya çýkýyor. Bu þahýs Türkiyeden Faruk isimli kiþiyi telefonla arayýp Türk görevlilerin, yanýnda ukalaca konuþuyor. 
Faruk isimli þahýs, vali yardýmcýsýný hemen arayacaðýný ve gerekeni yapacaðýný söyleyip kapatýyor. 

Iraklý Alman þahýs, geri gönderilme iþlemi baþlatýlmadan transit bölgedeki “ *YOO OTEL* “ tarafýna normal statüde çýkarýlýyor. Oysa çýkarýlamaz. Yasak ve suçtur. 
Iraklý Alman ile gelen vali yardýmcýsý, transit bölgede bulunan otelde konuþuyorlar. 1 saat sonra Iraklý Alman pasaport kontrolünden geçmeye çalýþýrken eski ve tecrübeli bir polis memurunun dikkati sayesinde ülkeye giriþi engelleniyor. 
Vali yardýmcýsý, nüfuzunu kullanarak kaçak þahsý ülkeye sokmaya çalýþmýþtýr. Þimdi soralým
1)Vali bu konu hakkýnda soruþturma yemiþ midir? 
2)Burada göçmen kaçakçýlýðýndan yapýlmasý gereken iþlem yapýlmýþ mýdýr? 3)Ýþi pek anlamayan yeni bir polis memuru olsaydý kýrmýzý apronlu kartý olan sayýn valiye boyun mu eðecekti!? 
4)il göç idare ve emniyetin göçmen kaçakçýlýðýna bilgi verildi mi? Verilmediyse neden ?
5)Göçmen kaçakçýlýðýnýn bu konu hakkýnda bilgisi var mýdýr?1Havalimaný müdürü *…* *..”ve il göç uzmaný *..”bu iþin neresinde ? Iraklý Alman eðer son 2 gün içinde kendi rýzasý ile dönmedi ise hala Türkiye’de. 
6)Yaklaþýk saklama süresi 30 gün olan kamera kayýtlarý incelendiðinde iddianýn doðruluðu görülecektir. Pasaport vs belgelerin fotoðraflarý bende mevcut. Sýnýr namustur. Deldiren namussuz.";
Jun 21, 2023;Kurban Bayramýndan sonra bütün kitaplarda bulabilirsiniz. Türkiye’nin nasýl iþgal edildiði ve iþgale karþý nasýl direnilmesi gerektiðini anlatan bu kitabý isteyen herkese Zafer Partisi’ne baðýþ kaydý ile imzalý olarak yollayacaðým. ;
Jun 20, 2023;Türkiye’deki Suriyeliler neden vatanlarýna dönmüyor sorusuna 8 Yýl sonra Hama’ya dönen bir Suriyeli cevap vermiþ.;
Jun 20, 2023;Bu kamuflaj Suriye'de leblebi çekirdek gibi satýlýyor. Bununki saðlam. ÖSO saha elemaný olsa daha yýpranmýþ olurdu. Ayakkabýlarý da yýpranmamýþ. Sýrt çantasý pahalý þehir çantasý. Aqua Florya duraðýnda inme nedeni o durakta inince çok kýsa yürüme mesafesinde Suriye muhalefetinin binasý var. Muhtemel orada koruma bu adam. Ve Türk istihbaratýnýn bilgisi dahilinde. Þimdilik bu kadar.;
Jun 20, 2023;Türkiye’de Sýðýnmacý ve kaçak konumundaki Suriyeliler Twiter hesabýmýn kapatýlmasý için bir kampanya baþlatmýþlar. Türk haklý kapatýlmamasý için eminim bana destek olacaktýr. ;
Jun 19, 2023;Almanya’da yaþayan bir Türk arkadaþým yazdý.Ukrayna’dan kaçan bir anne ve iki çocuðunu bir süre evlerinde misafir etmiþler. Bir süre sonra kadýn iki çocuðu ile ülkesine dönmeye karar vermiþ. Arkadaþým ve ailesi “Tehlikeli olur” diye karþý çýkmýþlar. Ýkna edememiþler. Ukraynalý kadýn “Ülkem kurtuluþ savaþý veriyor ve çocuklarým bunu yaþamalý ki ülkelerinin kýymetini bilsinler” demiþ.;
Jun 17, 2023;"Tarihçi ve yazar Prof. Dr. Ýlber Ortaylý; ""Suriyelileri Halvetiye Dergahý'na davet eder gibi ülkeye dolduramazsýnýz. Türk vatandaþlýðýný da satýlýða çýkaramazsýnýz. 300-400 bin dolara satýlan vatandaþlýðý sýradan insanlar alamaz. Uyuþturucu kaçakçýlarý, kara para aklayýcýlarý, çete liderleri alýr. Bir kiþi 10 daire alýyor, Türkiye'nin profesörleri kiralýk daire bulamýyor.""";
Jun 15, 2023;Erdoðan baþta olmak üzere sivil-asker bütün yöneticilerin okumasý gereken bir kitap. Pakistan’ýn dünü ve bugünü Türkiye’nin yarýný anlamýný taþýyor. Demografik bir iþgal yaþayan ülkemiz Erdoðan tarafýndan bir felakete sürükleniyor. Erdoðan’ýn politikalarýna destek verenler ülkemizi yýkýma, kendi çocuklarý da dahil olmak üzere çocuklarýmýzý bir felakete sürüklüyorlar. 15 Temmuz ve Hendek terörünün çocuk oyuncaðý olarak görüleceði bir Türkiye’ye hýzla ilerliyoruz. Bu noktadan sonra geliþmeleri ihale siyasetçileri ile engellememiz mümkün deðil. Türk Milleti’nin kurtuluþu ihaleciler eli ile deðil Türk gençliðinin siyasete aktif katýlýmý ile mümkün;
Jun 13, 2023;Ýran kaynaklarý son 1 ay içinde 20 bin Afgan’ýn Ýran üzerinden Türkiye’ye girdiði bilgisini paylaþýyor. Tek çözüm Ottawa Anlaþmasý’ndan çekilmek ve sýnýrlarýmýza mayýn döþemek;
Jun 13, 2023;Arap bar ve pavyon patronlarý “Ümit Özdað bizi linç ediyor” diyerek Türk basýn mensuplarýnýn bar ve pavyonlardan haber yapmasýný engelliyorlar. Zafer Partisi sizleri linç etmeyecek. Sadece vatanýnýza yollayacak. Türk halký sizden býktý. Bu ülkede Erdoðan’dan baþka sizi kimse istemiyor. https://twitter.com/HudutNamu3tur/status/1668163444296630272;
Jun 12, 2023;Japon polisi kadýnlarý taciz edene bu þekilde davranýp caydýrýcý olmasý için filme alýyor ve sýnýr dýþý ediyor. Türkiye’de ise Süleyman Soylu tacizci Afganlarýn aslýnda taciz etmediklerini, öz çekim yaptýklarýný söylüyordu. Zafer Partisi iktidarýnda Japon polisininin yaptýðýný yapacaðýz.Kadýnlarý taciz eden Türklere de Atatürk döneminde ne yapýlýyorsa aynýsýný uygulayacaðýz;
Jun 12, 2023;"Ýzleyince kýzacaksýnýz. Haklýsýnýz kýzmakta. Peki, deðiþtirmek için ne yaptýnýz? Yapmak istiyorsanýz Zafer Partisi’ne üye olun: 
@zaferpartisi";
Jun 12, 2023;Bu konuya yüzlerce kez dikkat çektik. Suriye’nin Þam’a kadar ilaç ihtiyacý sizin ödediðiniz vergiler ile ödeniyor dedik. 151 milyar dolar Türkiye’deki Suriyeliler için 50 milyar dolar Suriye’nin kuzeyindekiler için harcanýyor dedik. Suriyeliler ve diðerleri vatanlarýna dönmeden bizim için güvenlik ve ekonomik kalkýnma mümkün deðil, oy verin vatanlarýna yollayalým dedik: Her 100 kiþiden 2.2’si “peki yollayýn” diyerek oy verdi. Artýk gelecek seçimi bekleyeceðiz.;
Jun 11, 2023;Sýðýnmacýlara karþý açýklama yaptý diye gözaltýna alýndý. Çevreyi rahatsýz etmekten 600 TL para cezasýna çarptýrýldý. Çevreyi rahatsýz etmeye devam edeceðiz. Kubilay gözlerinden öperim;
Jun 10, 2023;Herhalde Cem Toker’in ýrkçý, yabancý düþmaný olduðunu kimse söyleyemez. Cem Toker, kafasýnda milli menfaat kavramý olan Ýngiliz veya Alman bir liberal gibi konuþmuþ. Doðrusu bu: Bir de bizim liberal olmayý Türk düþmaný ve kozmopolit olmak zanneden liberal solcularýmýz var.;
Jun 10, 2023;Ýstanbul’da Osmanbey metrosunda iþ çýkýþýnda en çok konuþulan ikinci dil Türkçe. Deneyin göreceksiniz.;
Jun 10, 2023;Hadi oradan þerefsiz. Sen vatanýndan kaçýp Türkiye’ye gelip burada Türk kadýnlarýna hakaret edemezsin. Bu haysiyetsiz tahrikçiyi hemen sýnýr dýþý edin. Zafer Partisi bu ahlaksýz ile ilgili hemen suç duyurusunda bulunacak. ;
Jun 10, 2023;Ýçiþleri Bakanlýðý’nýn desteklediði projeye bakýn. Akýl tutulmasý diyeceðim ama tutulacak bir akýlda yok ortada. Kýzlarýmýza yabancý damat arayacaðýnýza oðullarýmýza iþ bulacak ortam yaratýn ki kýzlarýmýza evlenme teklif edebilsinler.;
Jun 9, 2023;Yoruma gerek var mý? Türkçe bilmeyen bu adam kaderimizi belirledi. Zafer Partisi hepsinin vatandaþlýðýný iptal edecek.;
Jun 8, 2023;Bugün Destek Yayýnlarý’ný ziyaret ettim. Destek’ten çýkacak eski ve yeni kitaplarýmý konuþtuk. Sohbet uzadý. Sevgili Destek çalýþanlarý ile fotoðraf çektirdik. Ve onlar fotoðrafý yayýnlamadan önce üzerinde biraz çalýþmýþlar.??2 Afgan’a gelince onlar Afgan deðil safkan.????Destek;
Jun 8, 2023;RTÜK açýkça Anayasa’yý ihlal ediyor. RTÜK’ü bu eyleminden dolayý mahkemeye vereceðim. Suriyeliler ile seçim sonuçlarý arasýnda bað kurarak halký kin, nefret ve düþmanlýða teþvik ediyormuþum. Zafer Partisi ve Ümit Özdað ile ilgili bu þekilde açýlmýþ tek dava yok. Saray rejiminin Gestapo zihniyeti ile her alanda mücadele edeceðiz;
Jun 8, 2023;Zafer Partisi yabancýya toprak satýþýný yasaklayacak. Satýlmýþ araziler kamulaþtýrýlacak. Daire karþýlýðý verilen vatandaþlýklar iptal edilecek. Bunlarýn yapýlmasýný istiyorsanýz, bugün Zafer Partisi’ne üye olun, görev alýn, Türkiye’nin Filistin olmasýna izin vermeyin. ;
Jun 7, 2023;Bir kaç dakikanýzý ayýrýn ve ülkenizi, geleceðimizi nasýl kaybettiðinizi aðýr çekim izleyin lütfen. Üstelik bu iþgalin masraflarýný Türk milleti ödüyor. ;
Jun 7, 2023;Uyumayacaðýz, ölmeyeceðiz. Ülkemizi sýðýnmacý iþgaline terk etmeyeceðiz. Pes etmeyeceðiz, geri çekilmeyeceðiz, ümitsizliðe düþmeyeceðiz. ;
Jun 7, 2023;Bu çok önemli ve doðru bir tespit. Bütün radikal unsurlar Türkiye’ye yönlendiriliyor. Dýþarýdan ve içeriden eþ zamanlý olarak kuþatýlýyoruz. ;
Jun 5, 2023;Vatandaþlýk ve vatan birlikte satýlýyor. Satýlan her vatandaþlýk Türk milletinin egemenlik hakkýnýn elinden alýnmasý, vatan topraðýnýn ayaðýmýzýn altýndan kaymasýdýr.;
Jun 4, 2023;Hani Türk vatandaþlýðý verilenler Suriye’ye yollanamazdý. Bu da devletler hukuku sýðýnmacýlarýn geri yollanmasýnýn önünde engel þeklindeki yalan gibi bir yalan. Yasalara aykýrý vatandaþlýk verilenlerin hepsinin vatandaþlýðý iptal edilerek geri yollanacaklar. Zafer Partisi’ne üye ol, destek ver, ülkenin iþgal edilmesini engelle.;
Jun 4, 2023;"Prof. Dr. Ýlber Ortaylý þöyle demiþ: “Diðer mesele de maalesef Suriyeli göçmenlerin verecekleri rey bize daha az gösterildi. Neredeyse iki misli düzeyde seçime katýldýklarýndan söz ediliyor. Türkiye gibi bir ülkenin nüfusunun neredeyse 1/20’i kadar bir ilaveyi kabul etmesi mümkün deðildir. Gelecekte kaynaþma, iktisadi, kültürel senteze dönüþmek þöyle dursun; iç kavgalara, irridantist özlemlere, partileþmeye ve siyasi taleplere dönüþür. Otokton ve otantik; yani yerleþik ve özgün olmayan bir toplumun 21. yüzyýlda herhangi bir memlekette söz sahibi olmasý hiçbir yerde mümkün deðildir.

Toplumla bütünleþme yeteneðine sahip göçmen gruplarýnýn kimler olduðu bellidir. Türkiye bu gruplarýn göçüne yardým etmelidir. Çünkü kuruyan ziraatýmýz, mahvolan hayvancýlýðýmýz bu gelen iþgücüne de ihtiyaç duyuyor. Gelenler içinde nitelikçe iskân ve vatandaþlýk kanununun ruhu buna müsaittir. Suriyelilerin varlýðý bir tarihi kazadýr. Bunlarýn burada kalmasýna müsaade edilmesi mümkün deðildir çünkü bu sorun hiçbir zaman çözülemeyecek. Türkiye bu kadar ýssýz ve imkânlý bir ülke deðil. Siyaset üzerinden sosyal mühendislik yapamazsýnýz. Geleceðin Türkiye’sini sizin temennileriniz ve arzularýnýz doðrultusunda karþýlamanýz ve kurmanýz mümkün deðildir. Toplum mühendislik alaný deðildir; ona yön vermek geniþ bir toplumsal uyumu ve zamaný gerektiren bir olgudur.”";
Jun 2, 2023;3 sene önce Dýþiþleri Bakanlýðý’nda bir bakan yardýmcýsýna Hatay’daki Suriyeli istilasý ve “Biz gitmeyeceðiz, Türkler gidecek” þeklindeki propaganda çalýþmalarý konusunda bilgi verdim. Daha sonra TBMM’de bu bakan yardýmcýsýnýn Suriyelileri vatandaþlýk verilmesine YARDIMCI olduðunu öðrendim. Güzel yurdumuz ayaðýmýzýn altýndan ihanetle kayýyor. Sonunda devlet yollamaz ise Millet yollayacak. Zafer Partisi devlet yollasýn mücadelesi veriyor.;
May 30, 2023;"Deðerli basýn mensuplarý,

28 Mayýs’ta yapýlan cumhurbaþkanlýðý seçimlerinin 2. Turunu AK Parti genel baþkaný Recep Tayyip Erdoðan kazanmýþtýr. Bu seçimi Erdoðan sayýsý Türk vatandaþlarýndan gizlenen vatandaþlýk verilen yabancýlarýn oylarý olmadan kazansaydý kendisini tebrik ederdim. Ancak, Erdoðan seçimleri büyük ölçüde Türk halkýnýn seçme ve seçilme hürriyetini kýsýtlayan yabancý seçmen ithali ile kazanmýþtýr. Zafer Partisi Erdoðan’ý TEBRÝK ETMEMEKTE kararlýdýr.

Deðerli basýn mensuplarý,

Zafer Partisi Mayýs 2023 seçimlerinden istediði sonucu rakamsal olarak alamamýþtýr. Partimiz 1 milyon 529 bin 119 oy ile yüzde 2.2’de kaldýk. Sonucun böyle olmasýnda Türk siyasetinin “Erdoðan’a nefret” ve “Erdoðan’a sevgi” ekseninde Millet ve Cumhur ittifaklarýn þeklinde ikiye bölünmüþ olmasýnýn büyük etkisi olmuþtur. Bu duygu seli seçmenin rasyonel program üzerinden oy vermesini büyük ölçüde engellemiþtir.

Keza Zafer Partisi’ne uygulanan büyük medya ambargosu, anket firmalarýnýn bilinçli görmemezlikten gelme politikalarý bu sonucun doðmasýna katký vermiþtir. Partimizin seçim bütçesinin olaðanüstü küçük olmasý da bu sonucu ortaya çýkaran bir diðer faktördür. Bu aðýr þartlar altýnda çalýþan bütün Zafer Partisi teþkilatlarýna ve adaylarýna içten teþekkürlerimi sunuyorum.

Zafer Partisi’nin aldýðý oylar bizim mutlu etmemekle beraber aldýðýmýz sonucun politik sonuçlarý açýsýndan önemli bir baþarý olduðunu görüyoruz.
Zafer Partisi’nin öncülüðünde kurulan ATA ittifaký adayý Sinan Oðan yüzde 5.12 oy almýþtýr. Bu sayede Cumhurbaþkanlýðý seçimleri 2. Tura kalmýþtýr. Zafer Partisi’nin ATA ittifakýna öncülük yapmasý ile bölücü siyasetin ülke siyasetine þekil verme giriþimi baþarýsýzlýða uðratýlmýþtýr.

Zafer Partisi, siyasetten tasfiye edilmek istenen Atatürk çizgisinde Türk milliyetçiliðini tekrar siyasetin gündemine belirleyici güç olarak taþýmýþtýr.
Zafer Partisi, sürekli tartýþmaya açýlan Türkiye Cumhuriyeti’nin Anayasamýzýn ilk dört maddesi ve 66. Maddesinde dile getirilen kuruluþ felsefesini yapmýþ olduðu politik çýkýþ ile vazgeçilmez olarak Millet ve Cumhur ittifaklarýna teyit ettirmiþtir.
Zafer Partisi, terörle mücadele konusunda Millet ve Cumhur ittifaklarýna kararlýlýk gösterme gerekliliðini kabul ettirmiþtir.

Ve Zafer Partisi 2 sene önce hiç konuþulmayan 13 milyon sýðýnmacý ve kaçaðýn vatanlarýna dönmesi politikasýný Türk siyasetine kabul ettirmiþtir.
Özetle ýsrarla yok sayýlmak istenen, görmemezlikten gelinen Zafer Partisi Türk siyasetinin parametrelerini belirlemiþtir.

Bu süreçte Zafer Partisi olarak, bizimle görüþme talep eden Kýlýçdaroðlu ve Kurtulmuþ ile görüþmeler gerçekleþtirdik. Bu görüþmelerde odak noktamýz, Türkiye’nin ana sorunlarý ve çözüm yollarý üzerinde mutabakat aramak olmuþtur. Özellikle 13 milyon sýðýnmacý ve kaçaðýn vatanlarýna dönüþü konusunda muhataplarýmýzýn pozisyonunu anlamak istedik. CHP Genel Baþkaný Sayýn Kýlýçdaroðlu, Zafer Partisi’nin Anadolu Kalesi projesini kabul etti. Sayýn Numan Kurtulmuþ ise “Siz bize destek verin, biz halledelim” dedi.

Bu arada Sn. Sinan Oðan’ýn Cumhur ittifaký adayýna destek vereceðini açýklamasý, kiþisel siyasi tercihi olmuþtur.Bu açýklamanýn Zafer Partisini baðlamadýðýný daha önce dile getirdik. Ve biz Zafer Partisi olarak AKP hükümetlerinin yarattýðý yýkýmý durdurmak, enkazý kaldýrmak ve Milletimize çözüm yolunda taze bir baþlangýç yapmak için Sn. Kýlýçdaroðlu ile 2. Kez görüþtük. Bu görüþmeler neticesinde Cumhuriyetimizin kuruluþ ilkeleri ve felsefesinin savunulacaðýný teyit ettik.

Kimse anayasamýzýn ilk 4 maddesini, Türk Milleti tanýmýnýn yapýldýðý 66. Maddeyi sorgulayamaz.
Bu süreçte FETÖ, PKK ve IÞÝD’e karþý izlenecek stratejik bir terör mücadelesi,
Ülkemizi adeta dünyanýn lunaparký yapan Türk Milletinin kaynaklarýný sömüren 13 milyon sýðýnmacý ve kaçaðýn 1 sene içinde ülkelerine yollanmasý hususlarýný da kapsayan bir protokol CHP genel Baþkaný Sn. Kýlýçdaroðlu ve Zafer Partisi arasýnda imzalanmýþtýr.

Zafer Partisi ve CHP genel baþkaný Kýlýçdaroðlu arasýnda imzalanan bu protokol 2. Tur öncesi yepyeni bir sinerji yaratmýþ ve seçmene umut aþýlamýþtýr.
Zafer Partisi Genel Baþkaný olarak benim ve Zafer Partisi kadrolarýnýn saha ve sosyal medya çalýþmalarý, ittifak ortaklarýnýn daha önceki çalýþmalarýndan daha fazla etkileþim ve olumlu geri dönüþ almýþtýr.

2. Tur verilerine baktýðýmýzda seçime katýlým oranýnýn düþmesine raðmen Sn. Kýlýçdaroðlu’nun oy sayýsý ve yüzdesi artmýþ, ilk turda iki aday arasýnda bulunan yüzdesel makas, 2. Turda kazanmaya yetmese de Sn. Kýlýçdaroðlu lehine kapanmýþtýr.

Bu matematiksel durum bizlere Sn. Sinan Oðan’ýn oylarýnýn aðýrlýklý olarak Kemal Kýlýçdaroðlu’na yöneldiðini göstermektedir. Eðer bu süreçte elimiz kolumuz adeta baðlanmasa idi yarattýðýmýz olumlu etkinin çok daha yüksek olacaðýný düþünmekteyiz. Zafer Partisi 3.5 günlük süreçte üzerine düþeni yapmýþtýr.";
May 30, 2023;Zeytinburnu’nda yaþayan 17 yaþýnda bir genç kýzýmýz yazmýþ. Kendi yurdunda 2. Sýnýf vatandaþ hissediyor kendisini “Baþkaným merhabalar. Ben doðum günüm haziranda olduðu icin oy verememiþ 17 yasýnda bir Türk genciyim. Ýstanbulun merkezi konumunda bir sitede oturuyorum. Dün akþam saatlerinde e5te kutlama konvoylarý geçerken apartmanýmýn kapýsýnda arapça bir þeyler konusarak gülerek eðlenen suriyeli kýzlarý gördüm. Seçim kaybedildiði icin ben aðlýyordum, onlar gülüyordu. Bu hükümetin bize yaþattýðý çoðu þey benim aðrýma gitmedi belki ama dün ne hissettiðimi bir ben bir Allah bilir. Ben evime yürürken güvende hissetmiyorum karþýdan karþýya geçiyorum çünkü nereli olduklarýný bilmediðim yabancý erkek gruplarý volta atýyor ama onlar gülüp eðleniyorlar. Türk genci, Türk kadýný önceden hiç bu kadar aþaðýlanmýþ mýydý bilmiyorum ama ben daha önce hiç bu kadar aþaðýlýk hissetmemiþtim. Bu seçimde size güvendim sizi takip ettim fakat maalesef ki halkýmýzýn yarýsýndan fazlasý bu durumdan memnunmus demek ki. Kendi iradeleri diyip geçmek bize düþen. Paylaþabileceðim bir tek siz olduðunuzu düþündüðüm icin yazdým. Esenlikler dilerim.”;
May 30, 2023;Akçakoça’da yaþayan bir üniversite öðrencisinden gelen mesaj: “Hocam dün bir kýz arkadaþýmýza arasýnda benim ve bir kaç erkek arkadaþýmýnda olduðu gruba 3-5 çapulcu ya Afgan ya Suriyeli taciz cesaretini gösterdi . Kolluk kuvvetlerin bize onlara þiddet uyguladýðýmýz takdirde vereceði cezadan korkuyoruz . ( Gerekeni yaptýk yapmaya devam edeceðiz .) Devletimiz bizi deðil tacizde bulunan göçmeni koruyor . Lütfen artýk bu önümüzdeki 5 yolluk iktidar rejiminde kardeþimizi sevgilimizi eþimizi nasýl koruyacaðýz yol söyleyin vardýr bir planýnýz .”;
May 29, 2023;Suriye’nin kuzeyinde Azez’de sevinç gösterileri yapýlýyor. Neden? Çünkü Türk halký Suriye’nin kuzeyinde yaþayan milyonlarca kiþinin ilaç, saðlýk, eðitim, gýda giderlerini karþýlamaya devam edecek. Maaþlarý biz ödeyeceðiz. Adamlar sevinmesin de kim sevinsin?;
May 29, 2023;Afganistan savaþý Pakistan’ý aðýr þekilde tahrip etti. Afganistan ve Pakistan o kadar iç içe geçtiler ki, Amerikalýlar Af-Pak deyimini ürettiler. Suriye iç savaþý Türkiye üzerinde benzer etkiler yaptý. Türkiye’yi çok boyutlu yýprattý. Dün yaþanan sonuçtan sonra Batý’da “Sur-Tür” deyimini daha sýk duyacaðýz. Çünkü Suriye Türkiye’nin içine doðru büyüyor. Halen Suriye’de BAAS milliyetçiliðinden farklý bir Suriye milliyetçiliði geliþiyor. BAAS milliyetçiliði Hatay’ý talep ederken, Suriye milliyetçiliði Mersin-Mardin hattýný Arap topraðý olarak görüyor. Suriye milliyetçiliði Türkiye’yi kana bulayacak. Zafer Partisi bu süreci doðru analiz eden ve doðru politikalarý öneren tek parti. Zafer Partisi’ne gel, mücadele et. Yurdunu savun. Ülkende 2. Sýnýf vatandaþ olma.;
May 29, 2023;Suriyeliler Ümraniye’de de Zafer Partisi bayraklarýna saldýrýyorlar. Bu daha baþlangýç.;
May 29, 2023;Suriyeliler iþgali kutluyor. Ýþgale direnen Zafer Partisi’nden nefret ediyorlar. Siz AK Partililer neyi kutluyorsunuz? Suriyeliler için harcayacaðýmýz yýlda 11 milyar dolarý mý? Suriye’nin kuzeyinde þehit olacak askerlerimizi mi? Sokaklarda taciz edilecek kýzlarýmýzýn acýsýný mý? Suriye kaynaklý uyuþturucu çetelerinin çocuklarýmýza uyuþturucu satmasýný mý? Kiralarýn yükselmesini mi? Hayatýn pahalýlaþmasýný mý? Yarýn veya 3 gün sonra gerçekleþecek dövizin kontrol edilemez yükseliþini mi? Elimizde son kalan devlet kuruluþlarýnýn satýlmasýný mý? Siz neyi kutluyorsunuz kardeþler.;
May 28, 2023;"Sýðýnmacýlar seçim sonuçlarýndan ötürü sevinç gösterisi yapýyorlar. Onlarda bu sonuçlar ile Türkiye’ye daha fazla yerleþtiklerini biliyorlar. Çünkü Seçmenin yüzde 52’si 13 milyon sýðýnmacý ve kaçaðýn ülkemizde kalmasý ve yenilerinin kolaylýkla gelmesini saðlayacak þekilde oy verdi. Bu sonuç için biz ve gelecek nesiller bugün düþünebileceðimizden çok daha aðýr bedeller ödemek zorunda kalacaðýz. Durdurmak hala mümkün ama bu sefer doðru politika ve doðru parti ile; Zafer Partisi ile";
May 28, 2023;Türk vatandaþlarý ne kadar az oy kullanýrsa ÇAKMA Türk vatandaþlarý Suriyeli, Mýsýrlý vs. Ülkenizin, sizin ve çocuklarýnýzýn kaderini o kadar çok etkileyecek. Haydi sandýða gidelim, kaderimizi elimize alalým. ;
May 27, 2023;Kanal Ýstanbul projesi iptal edildi. Yeni proje 13 milyon sýðýnmacý ve kaçak gidiyor.;
May 27, 2023;"Ýstanbul, Taksim Ýstiklal Caddesi'nde Afgan bir erkek dans ediyor. Ancak bu dans, bildiðimiz danslardan deðil... Erkek çocuklarýnýn istismar edildiði ve dans ederek diðer erkekleri eðlendirdikleri ""Bacha Bazi"" geleneði Türkiye'ye ulaþtý. Sadece kadýnlarýmýz deðil, erkek çocuklarýmýz da tehlikede!";
May 27, 2023;Eðer 5 sene sonra çocuklarýnýn sana gelip “Sana hakkýmý helal etmiyorum. 2023 seçimlerinde attýðýn yanlýþ oy ile hayatýmý kararttýn” demesini istemiyorsan ÝZLE ve doðru karar ver. ;
May 27, 2023;Suriye’nin kuzeyinde Cerablus, Afrin, El Ban ve Aziz’den oluþan 12.000 km2 bir alaný TSK kontrol ediyor. Bu bölgede 2.2 milyon Suriyeli yaþýyor. Ayrýca Türk birliklerin olduðu ancak kontrolümüz altýnda olmayan Ýdlib’te 3.1 milyon Suriyeli yaþýyor. Idlib deðiþik terör örgütlerinin kontrolü altýnda. 2 sene önce Türkiye’nin yaptýðý bir konteynýr kent Rus hava kuvvetleri tarafýndan vuruldu. Rus bombalarý düþünce öyle bir patlama oldu ki, bombalar ile izah etmek mümkün deðildi. Meðer konteynýr kentin altýnda Ahrar’ül Þam örgütünün cephaneliði varmýþ. Özetle Ýdlib’te duruma bu kadar hakimiz. Öte yandan 1 milyon Suriyeliyi yollayacaðýz diye Erdoðan’ýn açýkladýðý proje 60-80-100 metrekarelik dairelerden oluþuyor. Daha yeni 5000 dairelik kompleksin temeli atýldý. Ýnþaat meþhur bir yardým kuruluþunun altkolu olan þirketlere verildi. 1 milyon kiþinin dönmesi aslýnda hayal. Dönse bile terör ve uyuþturucu örgütlerinin kontrolünde bir bölgenin parçasý olacaklar. Yine Türkiye bakmaya devam edecek. 1 milyon rakamý sadece algý. Sadece son 2 ayda 200 bin Suriyeliye vatandaþlýk verildi. 5 sene sonra Türkiye’den yollanacak Suriyeli kalmayacak çünkü hepsi Türk vatandaþý olacak. Hangi partiye oy verirseniz verin ancak atalarýnýzýn kaný ile alýnmýþ bu topraklardan bu kadar kolay vazgeçmeyin. Bu seçimde bir kiþi seçmiyoruz. 13 milyon sýðýnmacýyý geri mi yollayacaðýz yoksa bakýp besleyerek ülkemizi iþgal mi ettireceðiz onu oyluyoruz. Lütfen yanlýþ yapmayýn ve bana güvenin. Hepsini vatanlarýna hukuka uygun þekilde ve insani þartlarý saðlayarak yollayacaðým. Bunun için Kemal Kýlýçdaroðlu’na oy verin.;
May 27, 2023;Sevgili gençler, 28 Mayýs’ta Türkiye’nin göçmenistan olmamasý için sizin desteðinize ihtiyacýmýz var. Ülkemizi geri alalým.;
May 26, 2023;Büyük Türk Milleti, AKP zihniyeti ve Tayyip Erdoðan, ülkemizi hem demografik hem de ekonomik bir felakete sürüklemeye devam ediyor. Türkiye'de yaþamak her geçen gün daha zor ve daha tehlikeli hale geliyor. Bir yandan Türkiye'nin yetiþmiþ iþ gücü, yaþamak için Türkiye'yi terk ederken, diðer yandan seçimi kaybedeceklerini anlayan AKP'nin Türkiye'nin baþýna bela ettiði rantçý çete mensuplarý Türkiye'den kaçmaya hazýrlanýyor. Tüm bunlar olurken, Zafer Partisi Genel Merkezi'ni ziyaret ederek, Cumhurbaþkanlýðý seçimlerinin ikinci turunda Kemal Kýlýçdaroðlu'na desteðini açýklayan Milliyetçiler Dayanýþma Platformu adýna Sayýn Yaþar Okuyan, Sayýn Salih Dilek, Sayýn Salih Kýlýç, Sayýn Mesude Atýlgan ve Sayýn Mustafa Aydýn ve Türkiye'nin dört bir yanýndan destek mesajlarýný ileten Türk Milliyetçileri ve Atatürkçülere teþekkür ederim.;#OyumKemalKýlýçdaroðluna
May 26, 2023;Gidecekler.;
May 26, 2023;Türkiye’de yapýlacak seçimler ile ilgili olarak büyük bir ihtimal ile Suudi Arabistan’da konuþan bu imam Erdoðan’a oy vermek vacip (metinde farz yazýyor) diyerek Erdoðan için oy istiyor. Türkiye, Ortadoðu olmasýn, göçmenistan olmasýn diyorsan Kýlýçdaroðlu’na oy ver. Zafer Partisi sýðýnmacýlarý yollasýn.;
May 25, 2023;Sana söz! 13 milyon sýðýnmacý ve kaçak vatanlarýna gidecek.;
May 25, 2023;Bela geliyorum diyor. Ülkemizi koruyalým;
May 25, 2023;Sevgili Gençler, Kahramanmaraþ ve Hatay'da meydana gelen depremde yaralarý siz sardýnýz, organizasyonu siz yaptýnýz, gövdenizi enkazýn altýna siz soktunuz. Bugün ise vatanýmýz 13 milyon sýðýnmacý ve kaçaðýn iþgali ile ellerimizden alýnmak isteniyor. Türkiye'nin Göçmenistan olmasýný istemiyorsanýz ve Türkiye'nin Türkiye olarak kalmasýný, sokaklarýmýzýn güvenli olmasýný, temel gýda fiyatlarýnýn ucuzlamasýný, kiralarýn düþmesini istiyorsanýz 28 Mayýs'ta Kemal Kýlýçdaroðlu'na oy verin!;#VatanýnýSevenSandýðaGelsin
May 25, 2023;28 Mayýs bir referandum. 13 milyon sýðýnmacý gitsin mi kalsýn mý? Erdoðan dersen kalacaklar ve sayýlarý artacak. Kýlýçdaroðlu dersen gidecekler ve yenileri gelmeyecek. Kýlýçdaroðlu’nun bu sözüne kefilim. yollayacaðýz. ?;
May 24, 2023;Zafer Partisi olarak, Cumhurbaþkanlýðý seçimlerinin ikinci turunda 13 Milyon sýðýnmacý ve kaçaðý yollayacak programlara destek veren, Millet Ýttifaký Cumhurbaþkaný Adayý Sayýn Kemal Kýlýçdaroðlu'nu destekleme kararý aldýk. 28 Mayýs'ta;#VatanýnýSevenSandýðaGelsin
May 24, 2023;Türkiye göçmenistan olmayacak. 29 Mayýs 2023’de Türk halký ülkesini geri almaya baþlayacak. ;
May 24, 2023;Öncelikle elinize saðlýk gençler. Size Zafer Partisi’ndeki þablonlarý da verelim. Ve söz ben Ýçiþleri Bakaný olarak yollayacaðým. Ancak sadece Suriyeliler deðil Türkiye’yi dünyanýn lunaparký zanneden, kadýnlarýmýza cariye muamelesi yapan, sokaklarýmýzý uyuþturucu cennetine çeviren, selefi cihatçý örgütlenme yapan ve yýlda 11 milyar dolarýmýzý yiyen herkes gidecek. Bugün saat 11.00’i bekleyin;
May 22, 2023;Atatürk çizgisinde Türk Milliyetçiliði zemininde kurulan Zafer Partisi'nin Genel Baþkaný olarak, kuruluþ ilkelerini koruma (Anayasa 1-4 Md. Ve 66 Md.) ve terörle etkin mücadele için gerekenlerin yapýlmasý, 13 milyon sýðýnmacýnýn geri dönmesinin saðlanmasý ile ilgili þartlarý içeren, Türkiye Cumhuriyetini daha ileri taþýma gayesiyle oluþturduðumuz mutabakat metnini, iþ birliði esaslarý çerçevesinde CHP Genel Baþkaný Sn. Kemal Kýlýçdaroðlu'na sundum. Millet ittifaký paydaþlarýnýn onayýný almasý gerektiðini ifade etti. Kendisi, yarýn saat 11.00’de yapacaðým basýn toplantýsýna kadar, Millet Ýttifakýnýn umarým olumlu cevabýný iletecek. Büyük Türk Milleti’ne arz ederim.;
May 22, 2023;Dün akþam Kocaeli Darýca Sýrasöðütler Mahallesinde 3 Türk genci Suriyeliler tarafýndan býçaklanmýþ.Doktorun söylediðinde göre Suriyeliler bu iþin eðitimini almýþlar.Normal býçak yarasý deðilmiþ.Tavýr almak için kendi çocuðumuzun býçaklanmasýný beklemeyelim.;
May 21, 2023;Verilen vatandaþlýklarýn hepsinin iptal edilmesini istiyorsan Zafer Partisi’ne destek ol, üye ol ve birlikte mücadele et, ülkeni savun.;
May 21, 2023;Türkiye dünyanýn lunaparký olunca Türk kýzlarý ve çocuklarý sapýklar için oyuncak oluyor.;
May 21, 2023;Türkçe bilmeyen, Türkiye’de yaþayan/yaþamayan Erdoðan ve AKP’den baþka genel baþkan ve parti tanýmayan yüzbinlerce Türk vatandaþlýðý almýþ Arap bu seçimlerde kaderimizi belirledi. Zafer Partisi’nin vatandaþlýk alanlara 10 yýl seçme/seçilme hakký verilmesini engelleyen yasa deðiþikliði teklifi muhalefetten ilgi görmedi.;
May 19, 2023;Yine Bursa. Bursa sýðýnmacý sorununu en aðýr yaþayan illerimizden birisi. Saldýrganlardan birisi “ateþ etmeyin” diyor. Yani saldýrganlar silahlý. Sosyolojik olarak kesin olan husus bir gün herkesin Zafer Partili olacaðý. Umarým geç kalmadan olurlar.;
May 17, 2023;Deðerli Türk kamuoyu, Suriyeli sýðýnmacýlar sadece Türkiye’de vatandaþlýk alýp bizim, ülkemizin, çocuklarýmýzýn kaderini belirlemiyorlar. Bu Müslüman Kardeþler örgütü üyeleri gibi Türk Milliyetçisi, Atatürkçü siyasetçilere operasyon yapýyorlar. Þempanzenin bir týk üstü bir zeka seviyesinin ürünü olan bu videolarý akýl ve ruh saðlýðýnýzý koruyarak izleyin lütfen. Bu kiþilere karþý hukuki yollara baþvurulduðunu ayrýca Dýþiþleri Bakanlýðý ile görüþüleceðini ifade edeyim;
May 17, 2023;Bursa’nýn Suriyelilerin yaþadýðý Çarþamba semtinde tost ve köfte dükkaný olan esnafýn durumu. Yazýk deðil mi bu insanýmýza!? Geçmiþ olsun kardeþim. Ancak sadece saldýran Suriyeli suçlu deðil. Duyarsýz kalan herkes suçlu. ?;
May 16, 2023;Sevgili Gökçe, Atatürk’ün fikirlerinden taviz vermeden, Türk olduðumuz için özür dilemeyip aksine “Ne mutlu Türk’üm diyene” ilkesi ile siyasetimizi þekillendirmeye devam edeceðiz. Ülkemizi sýðýnmacýlardan, devletimizi tarikat/cemaatlerden geri almak için verdiðimiz mücadeleyi kararlýlýkla sürdüreceðiz. Sevgilerimle genç kardeþim. ;
May 15, 2023;Sevgili Zafer Partililer, Cumhuriyetimizin 100. Yýlýnda Atatürk’ün ruhunu þad edecek bir sonuç alamadýðým ve sizleri zafere götüremediðim için hepinizden özür dilerim. Evet, seçimlerin 2. Tura kalmasýný saðladýk. Ancak bu sonucu bir baþarý olarak görmüyorum. 13 milyon sýðýnmacý ve kaçaðýn yaþadýðý bir ülkede daha fazla oy almalýydýk. Ve artýk ne yazdýk ki, bu 13 milyon sýðýnmacý ve kaçaðýn vatanlarýna dönmesi çok daha zor hale gelmiþtir. Hepinize çok aðýr þartlar altýnda göstermiþ olduðunuz çaba ve sizin deðil benim uðramýþ olduðum maðlubiyete raðmen açýkladýðýmýz destek mesajlarý için teþekkür ediyorum. 2. Turda Türkiye’nin ve Türk Milleti’nin güvenliði için gereken adýmlarý Dr. Sinan Oðan bey ile birlikte gereken adýmlarý yetkili kurullarýmýzda görüþerek atacaðýz. ;
May 14, 2023;Zimbabve’den 4 sene önce gelmiþ. Ne güzel ve düzgün Türkçe konuþuyor.;
May 13, 2023;"Büyük Türk Milleti, 1920 Anayasasý'ný çýkýþ noktasý yapalým diyen iki ittifak ve Yeþil Sol Parti var. Bu ittifaklarýn ve Yeþil Sol Parti'nin amacý, anayasanýn ilk 4 maddesini deðiþtirmek ve anayasadan Türk ifadesini kaldýrmaktýr. Buna engel olmak istiyorsanýz oyunuzu Zafer Partisi'ne verin. Memleket Partisi Genel Baþkaný ve Cumhurbaþkaný Adayý Muharrem Ýnce'ye yapýlan psikolojik operasyon, FETÖ'nün halen ne kadar güçlü olduðunu bir kez daha gösterdi. FETÖ bu kaset kumpasýný daha önce Deniz Baykal ve MHP Genel Baþkan Yardýmcýlarýna da yapýlmýþtý. FETÖ ile eskiden güçlü baðlarý olan siyasetçiler, þimdi farklý partilerden meclise girmeye çalýþýyorlar. TBMM'de grup kuracak kadar etkin bir FETÖ yapýsýyla mücadele edilmesini istiyorsanýz Zafer Partisi'ne oy verin! Yoksa bir sabah uyandýðýnýzda devletin yeniden FETÖ tarafýndan iþgal edildiðini görürüz. Kýymetli Generaller, Subaylar, Astsubaylar, Uzman Çavuþ Kardeþlerim, Polis ve Jandarma kardeþlerim, Deðerli Ýstihbaratçý arkadaþlarým, Deðerli Yargý Mensuplarý, Sizlerin ve aileleriniz TBMM'de FETÖ, PKK, Hizbullah'a karþý sesi olmak ve mücadele etmek için sizin ve ailelerinizin oyunu istiyorum. FETÖ'ye karþý sizler en ön safta mücadele ediyorsunuz, gelin birlikte mücadele edelim. Sakýn AKP'ye güvenmeyin, yarýn ilk fýrsatta sizi FETÖ'ye teslim ederler... Deðerli yurttaþlarým, Türkiye'nin Göçmenistan olmasýný istemiyorsanýz, 13 milyon sýðýnmacýnýn vatanlarýna dönmesini istiyorsanýz, sýðýnmacý ve kaçaklarýn aldýklarý ilacýn parasýný siz ödemek istemiyorsanýz Zafer Partisi'ne oy verin! Sevgili Esnaf Kardeþlerim, Sizleri AVM ve zincir marketlere karþý mükemmel bir lojistik sistemi ile destekleyeceðiz. Kýymetli vatandaþlarým, Suriye'de Suriyelilere bedava ev yapýp, depremzedelere yaptýðý evlerin parasýný isteyen AKP yüzsüzlüðüne karþý, devletin tüm imkanlarýný seferber edip, tüm depremzedelerin yýkýlan evlerinin yerine yapýlan evleri ücretsiz vereceðiz. Bu yüzden Zafer Partisi'ne oy verin Türkiye'nin milli güvenliði konusunda bana güvenin!.. Tek hedefim, Türkiye'nin ve çocuklarýmýzýn güvenliðidir. Bu konuda gereken her þeyi yapacak Dr. Sinan Oðan ve Zafer Partisi'ne oy verin... Atatürk'ün dediði gibi; ""Türk Milleti zekidir...""";
May 13, 2023;Sevgili Gaziantepliler, þehriniz ve ülkeniz göçmenistan olmasýn.;
May 12, 2023;Nizip Zafer diyor. O kadar yoðun bir dalga yaþanýyor ki CHP broþürü daðýtan gençler bir yandan AK Parti’ye 20 yýldýr o verenler diðer yandan bu sefer Zafer Partisi diyorlar. Ve ekliyorlar: Suriyelileri yolla.;
May 12, 2023;2011’den buyana 13 milyon sýðýnmacý ile ülkesini, þehirlerini, caddelerini, sokaklarýný, parklarýný, hastahanelerini, olullarýný, parasýný ve sofrasýný paylaþan Türk halký Erdoðan’ýn zulmüne maruz kalmaktadýr. Zafer Partisi sýðýnmacýlarý ve kaçaklarý vatanlarýna yollayacak.;
May 11, 2023;Adým adým gezdiðimiz Gaziantep'in karýþ karýþ iþgaline 14 Mayýs'ta tüm Gaziantepliler dur diyecek! Zafer Partisi gelecek, tüm sýðýnmacý ve kaçaklar gidecek! ;#ZaferMeclise #AtaÝttifaký #OAnGeliyor
May 11, 2023;Zafer Partisi Ýstanbul seçim müþahidi olmak isteyenler bu telefon numarasýný arayabilir. 0506 250 40 68. 14 Mayýs 2023’de Türkiye’nin göçmenistan olmasýný engellemek isteyen bütün Atatürk çizgisinde Türk milliyetçilerini göreve davet ediyorum.;
May 10, 2023;AK Parti seçim aracý Gaziantep’te Arapça þarkýlar çalarak dolaþýyor. Tabii artýk vatandaþlýk alan Suriyelilerden de oy alacaklar.;
May 9, 2023;Uyuþturucu en büyük tehditlerden birisi. 13 milyon sýðýnmacý, Ýstanbul depremi ve uyuþturucu. Bu 3 tehdit ile sadece Zafer Partisi mücadele politikasýna sahip;
May 9, 2023;Sevgili Gökhan, güvenli bir Ýstanbul ve Türkiye senin hakkýn. ;
May 9, 2023;Cumhurbaþkaný adayýmýz Sayýn Sinan Oðan ile Gaziantep’te ziyaretler gerçekleþtirdik. Gaziantep “yeter artýk sýðýnmacýlar gitsin” diye haykýrýyor. Gaziantep bir oy Zafer Partisine, bir oy Sinan Oðan’a verecek ve sýðýnmacýlarý yollayacak. ;
May 9, 2023;Sevgili polis kardeþlerim, yýllarca Akademi’de ve kurslarda ders verdim.  Varoþlarda gece-gündüz birlikte dolaþtýk. Yýllarca beni Türkiye’nin düþmanlarýna karþý korudunuz. Siz beni, ben sizi tanýyorum. Söz, Cumhuriyet polisinin sahip olmasý gereken bütün imkanlarý oluþturup, Atatürk Cumhuriyetini birlikte savunacaðýz. Ülkemizin 13 milyon sýðýnmacý ve kaçak ile iç savaþa sürüklenmesine izin vermeyeceðiz. Allah’a emanet olun. ;
May 8, 2023;Sevgili Ayþe, Zafer Partisi Türkiye’nin göçmenistan olmamasý için mücadele ediyor. ;
May 8, 2023;Gaziantep'in iþgalini sona erdiren Þahinbey'in anýt mezarýný ziyaret ettik. Ardýmýzda bir anýt mezar olmasa dahi Gaziantep'in yeniden iþgalini durduracaðýz. Yaþasýn #ZaferPartisi, Yaþasýn #AtaÝttifaký, Yaþasýn #Gaziantep.;#ZaferPartisi #AtaÝttifaký #Gaziantep
May 8, 2023;Durdurmak istiyorsan Zafer Partisi’ne oy ver.;
May 8, 2023;"Cumhurbaþkaný Adayýmýz Dr. Sinan Oðan bey ile birlikte Gaziantep halkýyla buluþtuk. Gaziantep, iþgalden kurtulmak için Zafer diyor ve biz de söz veriyoruz; ""Gaziantep'i sýðýnmacý ve kaçaklarýn iþgalinden kurtaracaðýz!""";#AtaÝttifaký #ZaferPartisi #OAnGeliyor
May 8, 2023;Sevgili Aycan, Gülay, Ayþe, Asena, Sevda, Gönül, Ayþenur, Nihal ve diðerleri Türkiye  Ortadoðu olmasýn.;
May 7, 2023;Büyük Türk Milleti, Cumhuriyet tarihinin en önemli seçimlerinden birine giderken, kullanacaðýnýz oyun Türkiye'nin yarýnlarýný nasýl etkileyeceðini de göz önünde tutarak kullanýn. Türkiye'nin Göçmenistan olmasý veya Atatürk'ün Cumhuriyeti olarak kalmasý Zafer Partisi'ne oy vermenize göre deðiþecek! Yaklaþan Ýstanbul depreminin Türk ekonomisini alt üst edip, binlerce insanýn günlerce enkaz altýna kalýp kalmamasýný Zafer Partisi'ne vereceðiniz oy belirleyecek. Uyuþturucu çetelerinin, çocuklarýmýzýn geleceðini çalýp çalmayacaðýný Zafer Partisi'ne vereceðiniz oy belirleyecek. Gelin 14 Mayýs Pazar günü oyunuzu Zafer Partisi'ne verin, Türkiye'yi hem Göçmenistan olmaktan, hem depremle ekonomisinin yýkýlmasý riskinden hem de çocuklarýmýzý uyuþturucu çetelerinin tuzaðýndan kurtarýn!;
May 7, 2023;"Zafer Partisi sýðýnmacýlarý yollamak dýþýnda nasýl bir programa sahip diye soran deðerli seçmene izlemesini öneririm. Sadece Bilkent Teknopark ile ilgili ihracat rakamý milyar deðil “milyon dolar"" olacak.";
May 7, 2023;Sevgili doktorlar ve saðlýk çalýþanlarý, Zafer Partisi’nin görüþlerini sizler ile paylaþmak istedim. Ülkemiz gibi sizlerde zor günler yaþýyorsunuz. Baþarý ölçütünün doktor dövmek olarak görüldüðü, doktorlara giderler ise gitsinler dendiði ancak kendi anadilinde okumasý yazmasý olmayanlarýn ucuz iþçi diye övüldüðü bu fetret devri bilecek, siyasal be toplumsal saðlýðýmýza kavuþacaðýz.;
May 7, 2023;3 Kahkaha emojisi;
May 7, 2023;Burasý Denizli….Zafer Partisi Türkiye’yi tekrar güvenli sokaklara kavuþturacak;
May 7, 2023;Zafer Partisi meclise, sýðýnmacýlar evine. Bütün engellemelere ve ambargolara raðmen Zafer Partisi geliyor.;
May 7, 2023;1 sene içinde 3 þeyi yapacaðýz. 1) Depremde yýkýlmasý beklenen 90 bin binayý yýkacaðýz. Taþýnmak zorunda kalan insanlarýn kirasýný yeni evler yapýlana kadar devlet verecek. 2)4 milyon sýðýnmacý/kaçaðý vatanlarýna yollayacaðýz. 3)Mafyayý kazýyarak Ýstanbul’dan uyuþturucuyu temizleyeceðiz. Bir kadýn baþýnda altýn bir taç ile Ýstanbul’un bir uçundan diðerine gidecek ve baþýna hiç bir þey gelmeyecek. Türk devleti Ýstanbul’a bütün gücü ile geri dönecek. ;
May 6, 2023;Aylardýr bunu anlatmaya çalýþýyorum.;
May 6, 2023;Sevgili Ataþehirliler, Sevgili Ýstanbullular, ilimiz, ilçemiz ve ülkemiz göçmenistan olmasýn diyorsanýz oyunuzu Zafer Partisi’ne ve Dr. Sinan Oðan’a verin;
May 5, 2023;Adeta bir göçmenistan olan Ýstanbul Þirinevler’de halk Zafer Partisi’ne akýyor.;
May 4, 2023;6 ay önce Türk vatandaþlýðý alan Suriyeli bir koca, eþini, kaynanasý ve kayýn biraderini boðazlarýný keserek öldürdü. Boðazlarý kesilen ve henüz canlý olan insanlarýn görüntüleri sosyal medyada dolaþýyor. Siz kimlere Türk vatandaþlýk veriyorsunuz?;
May 3, 2023;Zafer Partisi geliyor, sýðýnmacýlar gidiyor.;
May 3, 2023;Ýþte durum bu. Bazýlarý hiç endiþelenmeye gerek yok diyordu. Afgan vatandaþý iken Türk vatandaþlýðý almýþ, Suudi Arabistan’da yaþýyor ve seçimlerde oy vererek Türkiye’de iktidarý belirliyor.;
May 3, 2023;Ülke sýnýrlarýný, her türlü kaçak geçiþ için cezbedici bir rotaya dönüþtüren Erdoðan, Soylu ve Akar üçlüsü, AKP seçimleri kazansýn diye kaçaklarýn geçmesine göz yummaya devam ediyor. Tüm bu süreçte ülkemize giren selefi cihatçý terörist sayýsýný bilen yok. Türkiye tehdit altýnda!;
May 3, 2023;Vatandaþlýðýn iptal edilecek çünkü yasalara aykýrý aldýn. Ve ülkene döneceksin.;#ZaferPartisi #AtaÝttifaký #OAnGeliyor
May 3, 2023;Zafer Partisi Meclis'e, mülteciler evine...;#ZaferPartisi #AtaÝttifaký #OAnGeliyor
May 3, 2023;Yasin Aktay Türk düþmaný bir Arap ýrkçýsýdýr. Arap ýrkçýlýðýna Ýslamcýlýk kisvesi giydirmiþ, Türk Milleti’ne nefretini kusmaktadýr. Türkiye Cumhuriyeti Atatürk’ün muhteþem eseridir. Türk düþmanlarý Atatürk’ten Türk olduðu ve devletimizi Türk devleti olarak kurduðu için nefret ederler:;
May 3, 2023;Sessiz ve sakin bir dip dalga geliyor. Türk  Milleti ülkesinin göçmenistan olmasýna direniyor. ;
May 2, 2023;Zafer Partisi, Ýstanbul'u sadece depreme hazýrlamakla kalmayacak, ayný zamanda Berlin, Pekin, Tokyo hattýndaki en geliþmiþ ileri teknoloji üssü olmasý için gereken yatýrýmlarý da yapacak. Ýstanbul’daki 4 milyon sýðýnmacý ve kaçaðý gönderip, Ýstanbul'un nefes almasýný saðlayacak.;
April 30, 2023;"Sevgili Türk kadýnlarý, Geçmiþin ve bugünün gerçeklerine dayanan bu ""kurgunun"" sizlerin ve sevgili ülkemizin ""geleceði olmamasý için"" Zafer Partisi en büyük güvencedir. Biz @ZaferPartisi olarak sýðýnmacýlarý yollayacak ve Türkiye’nin Ortadoðu olmasýna asla izin vermeyeceðiz!";
April 30, 2023;Atma Süleyman din kardeþiyiz. Býrak Baðdat’ý, Þam’ý. Türk Milleti Ýstanbul’da, Adana’da, Antalya’da güven içinde deðil. Sokaklarýmýz uyuþturucu çeteleri, mafya ve sýðýnmacý sürüleri ile dolu. Sýnýrlarýmýz delik deþik. Kimlere pasaport verdiðin meçhul. Birazdan paylaþacaðým….;
April 30, 2023;Sevgili Aydýnlýlar, bugün Aydýn’da olacaðým.Sizden Zafer Partisi’ne destek bekliyorum.Türkiye göçmenistan olmasýn.Aydýn sýðýnmacý merkezi olmasýn diyorsanýz Zafer Partisi’ne oy verin, sýðýnmacýlarý vatanlarýna yollayalým.Zafer meclise, mülteciler ülkelerine. ???;
April 30, 2023;Günaydýn Türkiye, Türk halký ekonomik krizin baskýsý altýnda ezilirlen, ülkemiz satýlýyor. Millet kiralýk ev bulamazken Arapça yatýrým ilanlarý, Arap müþteri temsilcisi, Arap kuyumcu, Arap market, Arap restoran, Arap nargile salonlarý. Zafer Partisi’ne oy ver, ülkeni sattýrma.;
April 29, 2023;Antalya Serik’te bir Suriyeli tezgahtar ile sohbetim…kaç kardeþ olduklarýný sordum. Sizce kaç? Ýzleyin lütfen…;
April 29, 2023;Antalya Serik’te bir Suriyeli yanýma geldi. Ümit bey merhaba dedi ve devamýný izleyin lütfen…;
April 29, 2023;"Suriyeli kadýn sýðýnmacý; “Ben Türk veya Türkiyeli deðilim, fakat oyumu Erdoðan’a vereceðim, ve Suriye’ye katiyen dönmeyeceðim” demiþ. Senin kalýp kalmayacaðýna sen deðil Türk halký karar verecek. Eðer Türk halký Zafer Partisi derse gidersin. Diðer partileri seçerse kalýrsýn";
April 28, 2023;Deðerli Türk kadýnlarý, Zafer Partisi böyle bir kurgu geleceðin olmamasýnýn mücadelesini veriyor. Sýðýnmacý istilasýnýnda karþýsýnda Zafer Partisi var, Türkiye’yi karanlýk bir geleceðe sürüklemek isteyen odaklarýn karþýsýnda da Zafer Partisi var. Zafer Partisi, Türk kadýnýnýn yaþam tarzýný belirleme özgürlüðünü sonuna kadar savunacak. Yaþasýn Türkiye Cumhuriyeti... SESSÝZ ÝSTÝLA 5 / 6284 https://www.youtube.com/watch?v=Dpy-Wy8tODU;
April 28, 2023;Yeþil Sol Parti Hatay’da bu Arapça afiþ ile Türk vatandaþlýðý almýþ olan Suriyelilerden oy istiyor. Sevgili AK Partili vatansever seçmen, FETÖ ile iþbirliðine karþý çýkmadýnýz, sonuç 15 Temmuz oldu. PKK ile görüþmelere, sözde Açýlým’a itiraz etmediniz, Hendek teröründe 740 JÖH/PÖH þehit oldu. Vatan kaybetmenin vebaline ortak olmayýn. Zafer Partisi’ne oy verin. Sýðýnmacýlarý vatanlarýna yollayalým. ;
April 28, 2023;14 Mayýs seçimleri bir referandum olacak. Türkiye göçmenistan mý olsun Türkiye olarak mý kalsýn? Atatürk Türkiyesi mi tarikatlar Türkiyesi mi? ;
April 28, 2023;Günaydýn Türkiye, Türkiye Göçmenistan olmasýn, çocuklarýmýz ülkelerinde azýnlýk galiba gelmesinler diye yollardayýz, mücadele ediyoruz. ;
April 26, 2023;Bazý Türk düþmanlarý “sýðýnmacýlar vatanlarýna dönsün” politikamýza karþý çýkarak “Rumeli’den gelenler ne olacak!” diye konuþuyorlar. Bu cehalete Zafer Partisi’nin cevabý aþaðýdadýr. En büyük Rumeli Türk’ü Atatürk’e sözümüz var. Kurduðun Cumhuriyetin sonsuza deðin savunucusuyuz.;
April 26, 2023;Bu hesabýn sahibi Sedat Aral. 30 yýldýr savaþ muhabirliði yapýyor. Ortadoðu’da yaþamadýðý iç savaþ yok. Ana dili Arapça olan bir Atatürkçü. Atatürk’ün vatandaþlýk tanýmý ile oynamayýn, ülkeyi iç savaþa sürüklersiniz diye uyarýyor. Sayýn Kýlýçdaroðlu, Türkiye deðil Türk vatandaþý. Atatürk çizgisinden ayrýlmayýn.;
April 24, 2023;Allah’ým sen büyüksün. Sen yardým et. Sinirlenmeyeyim. “Suriye Muhalif ve Devrimci Güçler Ulusal Koalisyonu (SMDK), dün, Türk Sýnýr Muhafýzlarýna baðlý bazý unsurlarýnýn sýnýrý geçerek Türkiye’ye girmeye çalýþan Suriyelilere yönelik þiddetli tutumunu kýnadý.” SMDK’cýlar, size söz veriyorum.Sýnýra mayýn döþeyeceðiz. Ýstihbarat balonlarý, SÝHA ve sensör sistemleri ile geçiþi imkansýz hale getireceðiz.;
April 24, 2023;"Milli Savunma Bakaný Hulusi Akar; ""Suriyeli kardeþlerimizi zora sokacak hiçbir kararý almayýz. Müsterih olsunlar"" açýklamasý yapmýþ... Peki Hulusi Akar, Türk kardeþlerine ne vadediyorsun? Türk Milleti'ni zora sokacak her kararýn altýnda imzan var senin!..";
April 24, 2023;Yeþil Sol Parti benzerleri gibi Türk Milleti’nin tarihine küfrediyor. Yüzbinlerle katledilen Türk’ü unutup yine Ermeni soykýrýmý yalaný ile sahneye çýkýyorlar. Yeþil Sol Parti, Türk Milleti’nin tarihine, bugününe ve geleceðine düþman kripto Ermeni hareketidir. Bu toplantý Ankara Valiliði tarafýndan yasaklanmalýdýr.;
April 23, 2023;Bu iþin nereye gittiðini hala anlamayanlar anladýklarýnda çok çok geç olacak. Bugüne kadar ödediðimiz bedel ödeyeceðimizin yanýnda cep harçlýðý kalacak. Bana “sert ve kýzgýn” diyorlar. Evet, kötü bir þey olacaðýný görür ve uyarýrsýnýz. Uyardýðýnýz kiþi kendisini tehlikeye atacak þekilde devam ederse onun için korkarak sinirlenirsiniz. Aslýnda konu sinir deðildir o kiþiyi bir þey olacaðý korkunuzdur. Türkiye için gerçekten korkuyorum. Bu güzel ülke olacaklarý hak etmiyor. Gelin durduralým.;
April 23, 2023;"Büyük Türk Milleti, Bugün 23 Nisan ve bu anlamlý günü milli egemenliði tehdit altýnda olan Gaziantep ve Kilis'te halkýmýzla birlikte geçirdik. Kilislilerin bugün dilinden dökülenlerin yarýn vatanýn her yerinden feryat olarak yükselmesini istemiyoruz! ""Bize vatanýmýzý geri verin""";#TürkiyeGöçmenistanOlmasýn
April 23, 2023;"Türkiye, ""Göçmenistan"" olmasýn!";
April 23, 2023;23 Nisan Milli Egemenlik Bayramý'ný, Milli Egemenliðini Suriyelilere kaybetmiþ Türk þehri Kilis'te geçireceðiz. Türkiye, sýðýnmacý ve kaçaklarý gerekirse zorla gönderecek olan Zafer Partisi'ne destek olmazsa ülke olarak egemenliðimizi kaybetme riskiyle karþý karþýya kalacaðýz!;
April 23, 2023;Sevgili Kilis, sokaklarýnda güven içinde dolaþtýðýn, azýnlýk ve 2. sýnýf vatandaþ olmadýðýn, göç ederek terk etmek zorunda kalmayacaðýn Kilis’i geri istiyorsan, ATA ittifaký adayý Dr. Sinan Oðan’a ve Zafer Partisi’ne oy ver, sýðýnmacýlarý vatanlarýna yolla. ??;#ZaferPartisi  #AtaÝttifaký  #OAnGeliyor
April 22, 2023;Sevgili Gaziantepliler, 14 Mayýs seçimlerinde bir karar vereceksiniz. 1.5 milyon Suriyeli gitsin mi kalsýn mý? Zafer Partisi’ne vereceðimiz her oy sýðýnmacýlar gitsin anlamýna gelecek. ;
April 22, 2023;Zafer Partisi kurulduktan sonra diðer partilerin deðiþen sýðýnmacý politikasý ancak bu kadar güzel anlatýlýr. Zafer Partisi dýþýnda 13 milyon sýðýnmacýyý GEREKÝRSE ZORLA geri yollayacak parti YOK.;
April 22, 2023;Kahramanmaraþ-Gaziantep arasýnda Suriyeli bir tarikat merkez oluþturmuþ. Afganistan-Pakistan sýnýrýndaki medrese zihniyeti Türkiye’ye taþýnýyor. Zafer Partisi Türkiye’nin bu sessiz iþgali durdurmasý için tek seçenek.;
April 22, 2023;Türkiye’nin Suriyeli tarikatlar tarafýndan nasýl parsel parsel iþgal edildiðini sizler de görün isterim.;
April 21, 2023;Yýllardan buyana anlatýyorum. Sert kararlar alarak göçü geri çevirmez ve durdurmazsak Lübnan iç savaþý Türkiye’de olacaklar yanýnda çocuk bahçesi kavgasý kalacak. Türk Milleti uyan: Uyan ve ülkeni savun. ; 
April 21, 2023;Demek ki oluyormuþ. Türkiye mi Göçmenistan mý? Tercihin geleceðini belirleyecek. Zafer Partisi’ne verilen oy sýðýnmacýlara kesilen bilettir. ; 
April 21, 2023;Gaziantep’te Suriyeli sayýsýnýn 1.5 milyonu geçtiðini bu sabah 5 gazeteci söyledi. Korkunç bir nüfus artýþý var. Hastahanelerde Türk hemþirelere Suriyeli hastalar neden Arapça öðrenmiyorsunuz diye kýzýyorlarmýþ. Lütfen izleyin.;
April 21, 2023;Gaziantep’te Suriyeliler tarafýndan yüzünden býçaklanan Emirhan’ý ve ailesini ziyaret ettik.;
April 20, 2023;Ekselanslarý Neçirvan Barzani’nin katýlýmý ile gerçekleþen, Peþmerge reform programý çerçevesinde 1. Ve 2. Peþmerge Tugaylarýnýn bayrak teslim törenine Türkiye’nin sadýk müttefikleri de dahil olmaktan çok mutlu olmuþlar. Ýçimizde 13 milyon sýðýnmacý, Batýdan kuþatma, doðudan kuþatma. Uyanma zamaný geçti geçiyor.;
April 20, 2023;Sevgili Hataylýlar, Türkiye göçmenistan mý olsun yoksa Türkiye olarak mý kalsýn? Bu seçimde cevabýný vereceðiniz soru budur. Zafer Partisi’ne oy ver, þehrini geri al, ülkeni geri al.;
April 20, 2023;Sýðýnmacýlar eczanede ilacý bedava alýyorlar, Türkler para ile. Böyle devam etsin diyorsanýz hangi partiye oy verirseniz verin. Hayýr, devam ermesin diyorsanýz Zafer Partisi tek seçenek: ?;
April 17, 2023;Mersin sýðýnmacý iþgali altýnda olan bir þehrimiz. Artýk bu aðýr ve her geçen gün aðýrlaþan yükü taþýmak istemiyor. Zafer Partisi sevgili Mersinlilere söz veriyor. Þehrinizde 1 sene içinde bir tek sýðýnmacý kalmayacak. Sinan Oðan’a ve Zafer Partisi’ne oy ver, Mersin’i savun. ;
April 17, 2023;Zafer Partisi ve ATA Ýttifakýna oy ver, ülkeni koru. ?;
April 17, 2023;Zafer Partisi hepsi terörle müzakere ve teslimiyet konusunda anlaþmýþ, Türkiye’nin göçmenistan olmasýný kabul etmiþ partiler karþýsýnda direnen tek parti. Sýðýnmacýlar gitsin diyorsan Zafer Partisi tek seçenek. ?;
April 17, 2023;Böyle kurtulmuþtuk. Ve aþaðýdaki gibi iþgal ediliyoruz. 13 milyon sýðýnmacý ve kaçak Ortadoðu’yu Türkiye’ye taþýyor. Ve Ortadoðu’nun din anlayýþýný, þiddet kültürünü, kadýn aþaðýlamasýný, çocuk tecavüzünü, erkek çocuklara tecavüzü, uyuþturucuyu. Nüfuslarý bizden 3 kat hýzlý artýyor. 7 milyon Suriyeli 2040’da 19.5 milyon olacak: Diðerlerini saymýyorum. Ve bu iþgalin finansmanýný Türk halký yapýyor. Þimdiye deðin 151 milyar Dolar ödedik. Ve bu daha baþlangýç. Gitsinler diyorsanýz ZAFER PARTÝSÝ, kalsýnlar diyorsanýz kime verirseniz verin. https://x.com/umitozdag/status/1647861492937633794?s=20;
April 16, 2023;Sevgili emekli polis ve jandarma kardeþlerim. Vatan sizden bir kez daha görev bekliyor. Lütfen seçim günü Zafer Partisi ve ATA Ýttifaký adayý Dr. Sinan Oðan için sandýklarda müþahit olun. Seçimlerin yüzbinlerde sýðýnmacý oyu ve hýrsýzlýk ile çalýnmasýna. Ýzin vermeyelim. 0538, 918 1283 nolu Whatsapp hattýna adýnýzý, telefon numaranýzý ve oturduðunuz il ve ilçeyi yazýn. Sizi arayalým;
April 16, 2023;14 Mayýs seçimleri bir referandum olacak. Türkiye, Türkiye olarak kalacak mi yoksa bir Göçmenistan mý olacak? ATA Ýttifaký ve Zafer Partisi’ne oy verirsen GÝDECEKLER. Diðerlerine oy verirsen KALACAKLAR.;
April 16, 2023;Ýþte siyasi PKK’nýn siyasi seviyesi. Emperyalizmin tasmalý köpekleri Avrupa’dan Zafer Partisi’ne havlýyorlar. Bak Vartolu, beni fazla kýzdýrmaya gelmez. Sonra Suriye muhaberatýnýn elindeki Öcalan dosyasýný açarým. Üstelik, Bekaa’daki hadiseyi deðil Þam’dakini.;
April 16, 2023;Zafer Partisi hepsi terörle müzakere ve teslimiyet konusunda anlaþmýþ, Türkiye’nin göçmenistan olmasýný kabul etmiþ partiler karþýsýnda direnen tek parti. Sýðýnmacýlar gitsin diyorsan Zafer Partisi tek seçenek;
April 15, 2023;Zafer Partisi, cemaat ve tarikatlara taviz vermez. Zafer Partisi HDP/HÜDA/PAR’a taviz vermez. Zafer Partisi son sýðýnmacýnýn vatanýna dönme politikasýndan taviz vermez. Zafer’e verilen her oy 13 milyon sýðýnmacý gitsin demektir. Gitsin diyorsanýz tek seçenek Zafer Partisi;
April 15, 2023;Ýlber Ortaylý tarihçi kimliði ile günü deðerlendiriyor. Lütfen dinleyin;
April 14, 2023;Bu önemli bilgi selini her Türk vatandaþý okumalý. Lütfen 2 dakikanýzý ayýrýn. Genç kýzlar muhakkak okuyun.;
April 14, 2023;14 Mayýs seçimlerinde Zafer Partisi’ne neden oy vermelisiniz sorusunun cevabý;
